category,country,ean
Bread,DE,20457594
Bread,DE,29048465
Bread,DE,4000186010400
Bread,DE,4000358001113
Bread,DE,4000446011413
Bread,DE,4000446011420
Bread,DE,4000446014773
Bread,DE,4000446016456
Bread,DE,4000446016630
Bread,DE,4000446016791
Bread,DE,4000446016807
Bread,DE,40045139
Bread,DE,4008577006025
Bread,DE,4008577006278
Bread,DE,4008577006391
Bread,DE,4009097010530
Bread,DE,4009097022229
Bread,DE,4009249002420
Bread,DE,4009249002437
Bread,DE,4009249012511
Bread,DE,4009249019954
Bread,DE,4009249020240
Bread,DE,4009249021520
Bread,DE,4009249032410
Bread,DE,4009249040033
Bread,DE,4009249040071
Bread,DE,4009249050070
Bread,DE,4009249051237
Bread,DE,4012263013907
Bread,DE,4012263016809
Bread,DE,4012263029496
Bread,DE,4013392016210
Bread,DE,4013752027405
Bread,DE,4013752040541
Bread,DE,4015427111662
Bread,DE,4033962003105
Bread,DE,4034900032409
Bread,DE,4044808108007
Bread,DE,4047247332446
Bread,DE,4056489096320
Bread,DE,4056489096337
Bread,DE,4056489096344
Bread,DE,4056489100522
Bread,DE,4056489100539
Bread,DE,4056489103967
Bread,DE,4056489123903
Bread,DE,4056489123941
Bread,DE,4056489123972
Bread,DE,4056489124184
Bread,DE,4056489124191
Bread,DE,4056489139713
Bread,DE,4056489181217
Bread,DE,4056489235750
Bread,DE,4056489250111
Bread,DE,4056489423867
Bread,DE,4056489452270
Bread,DE,4056489580522
Bread,DE,4056489994350
Bread,DE,4059373601532
Bread,DE,4061458023191
Bread,DE,4061458026437
Bread,DE,4061458040143
Bread,DE,4061458045780
Bread,DE,4061458045865
Bread,DE,4061458054256
Bread,DE,4061458055901
Bread,DE,4061458060233
Bread,DE,4061458082433
Bread,DE,4061458119306
Bread,DE,4061458186667
Bread,DE,4061458191180
Bread,DE,4061458239240
Bread,DE,4061459301335
Bread,DE,4061459644937
Bread,DE,4061461010911
Bread,DE,4061461010935
Bread,DE,4061461077587
Bread,DE,4061461901301
Bread,DE,4061462011597
Bread,DE,4061462084454
Bread,DE,4061463060327
Bread,DE,4061463415738
Bread,DE,4061463681676
Bread,DE,4061464327634
Bread,DE,4061464776197
Bread,DE,4061464786042
Bread,DE,4063367394072
Bread,DE,4066447370072
Bread,DE,4066447707229
Bread,DE,4068445000029
Bread,DE,4068706374456
Bread,DE,4068706471896
Bread,DE,4068706546075
Bread,DE,4071800000558
Bread,DE,4071800000640
Bread,DE,4071800000763
Bread,DE,4071800000862
Bread,DE,4071800000909
Bread,DE,4071800000947
Bread,DE,4071800000992
Bread,DE,4071800001104
Bread,DE,4071800001159
Bread,DE,4071800001166
Bread,DE,4071800001180
Bread,DE,4071800001197
Bread,DE,4071800001241
Bread,DE,4071800001371
Bread,DE,4071800003665
Bread,DE,4071800003696
Bread,DE,4071800003702
Bread,DE,4071800003870
Bread,DE,4071800004372
Bread,DE,4071800008394
Bread,DE,4071800027678
Bread,DE,4071800034805
Bread,DE,4071800034874
Bread,DE,4071800038599
Bread,DE,4071800038605
Bread,DE,4071800038612
Bread,DE,4071800038780
Bread,DE,4071800048673
Bread,DE,4071800049533
Bread,DE,4071800049557
Bread,DE,4071800051314
Bread,DE,4071800053462
Bread,DE,4071800053479
Bread,DE,4071800053509
Bread,DE,4071800054087
Bread,DE,4071800054469
Bread,DE,4071800055961
Bread,DE,4071800056784
Bread,DE,4071800058788
Bread,DE,4071800058801
Bread,DE,4071800058818
Bread,DE,4071800058825
Bread,DE,4071800058900
Bread,DE,4071800060064
Bread,DE,4071800061672
Bread,DE,4100550010101
Bread,DE,4311501772744
Bread,DE,4316268631594
Bread,DE,4337256113403
Bread,DE,4337256534147
Bread,DE,4337256546737
Bread,DE,4337256894210
Bread,DE,5412514935429
Instant & Frozen,DE,0074603005922
Instant & Frozen,DE,0089686170085
Instant & Frozen,DE,0841165156863
Instant & Frozen,DE,0841165156870
Instant & Frozen,DE,0841165156887
Instant & Frozen,DE,17327251
Instant & Frozen,DE,20133283
Instant & Frozen,DE,20133337
Instant & Frozen,DE,20224578
Instant & Frozen,DE,20286149
Instant & Frozen,DE,20314873
Instant & Frozen,DE,20353377
Instant & Frozen,DE,20369934
Instant & Frozen,DE,20567392
Instant & Frozen,DE,4000345096160
Instant & Frozen,DE,4000345096191
Instant & Frozen,DE,4002359015489
Instant & Frozen,DE,4002676626030
Instant & Frozen,DE,4008638951202
Instant & Frozen,DE,4008638951226
Instant & Frozen,DE,4016810470106
Instant & Frozen,DE,4019339646007
Instant & Frozen,DE,4019339646014
Instant & Frozen,DE,4019339646052
Instant & Frozen,DE,4019339646106
Instant & Frozen,DE,4019339646113
Instant & Frozen,DE,4021155178778
Instant & Frozen,DE,4023900545446
Instant & Frozen,DE,4023900545460
Instant & Frozen,DE,4037300039177
Instant & Frozen,DE,4047247979535
Instant & Frozen,DE,4056489380535
Instant & Frozen,DE,4056489573258
Instant & Frozen,DE,4056489915287
Instant & Frozen,DE,4056489918868
Instant & Frozen,DE,4061458055338
Instant & Frozen,DE,4061458055369
Instant & Frozen,DE,4061459820904
Instant & Frozen,DE,4061461034498
Instant & Frozen,DE,4061461060251
Instant & Frozen,DE,4061461867683
Instant & Frozen,DE,4061462213090
Instant & Frozen,DE,4061462213403
Instant & Frozen,DE,4061462213427
Instant & Frozen,DE,4061462213441
Instant & Frozen,DE,4061462956621
Instant & Frozen,DE,4061463779533
Instant & Frozen,DE,4061464906204
Instant & Frozen,DE,4061464906211
Instant & Frozen,DE,4061464906334
Instant & Frozen,DE,4067796198508
Instant & Frozen,DE,4068706482878
Instant & Frozen,DE,4099200252421
Instant & Frozen,DE,4250073462533
Instant & Frozen,DE,4260372063850
Instant & Frozen,DE,4262357861086
Instant & Frozen,DE,4270001624734
Instant & Frozen,DE,4311596617982
Instant & Frozen,DE,4311596618101
Instant & Frozen,DE,4311596651122
Instant & Frozen,DE,4311596698301
Instant & Frozen,DE,4311596698318
Instant & Frozen,DE,4316734061351
Instant & Frozen,DE,4335619133990
Instant & Frozen,DE,4335619171763
Instant & Frozen,DE,4770107257312
Instant & Frozen,DE,4820179253313
Instant & Frozen,DE,4820179257502
Instant & Frozen,DE,4820179258547
Instant & Frozen,DE,4901726014967
Instant & Frozen,DE,5050665048379
Instant & Frozen,DE,5050665048454
Instant & Frozen,DE,5901384503642
Instant & Frozen,DE,5901384503734
Instant & Frozen,DE,5901384503741
Instant & Frozen,DE,5901384504731
Instant & Frozen,DE,5997523313005
Instant & Frozen,DE,5997523313197
Instant & Frozen,DE,5997523313210
Instant & Frozen,DE,5997523313234
Instant & Frozen,DE,5997523313272
Instant & Frozen,DE,5997523313357
Instant & Frozen,DE,5997523315832
Instant & Frozen,DE,5997523315856
Instant & Frozen,DE,5997523324278
Instant & Frozen,DE,5997523324292
Instant & Frozen,DE,5997523324353
Instant & Frozen,DE,5997523335151
Instant & Frozen,DE,6920802311347
Instant & Frozen,DE,6926410337236
Instant & Frozen,DE,7613031722594
Instant & Frozen,DE,7613035587359
Instant & Frozen,DE,7613035897427
Instant & Frozen,DE,7613036480444
Instant & Frozen,DE,7613036679978
Instant & Frozen,DE,7613036679992
Instant & Frozen,DE,7613036680028
Instant & Frozen,DE,7613036683371
Instant & Frozen,DE,7613037683417
Instant & Frozen,DE,7613037683608
Instant & Frozen,DE,7613037683660
Instant & Frozen,DE,7613037870046
Instant & Frozen,DE,7613038680590
Instant & Frozen,DE,8595153900649
Instant & Frozen,DE,8710522608180
Instant & Frozen,DE,8710522627433
Instant & Frozen,DE,8710522627471
Instant & Frozen,DE,8710522627518
Instant & Frozen,DE,8710908958175
Instant & Frozen,DE,8711200463978
Instant & Frozen,DE,8712429130108
Instant & Frozen,DE,8712429130207
Instant & Frozen,DE,8712429130405
Instant & Frozen,DE,8712429380909
Instant & Frozen,DE,8712566332137
Instant & Frozen,DE,8714100396575
Instant & Frozen,DE,8714100679852
Instant & Frozen,DE,8714100679890
Instant & Frozen,DE,8714100680339
Instant & Frozen,DE,8714100698068
Instant & Frozen,DE,8716584664386
Instant & Frozen,DE,8720182403292
Instant & Frozen,DE,8720182406354
Instant & Frozen,DE,8720182528780
Instant & Frozen,DE,8720182777225
Instant & Frozen,DE,8720182777294
Instant & Frozen,DE,8720182777386
Instant & Frozen,DE,8720182839398
Instant & Frozen,DE,8720182839619
Instant & Frozen,DE,8721082875196
Instant & Frozen,DE,8721201974014
Instant & Frozen,DE,8721201974038
Instant & Frozen,DE,8801043018470
Instant & Frozen,DE,8801043022705
Instant & Frozen,DE,8801043031011
Instant & Frozen,DE,8801043032308
Instant & Frozen,DE,8801043060226
Instant & Frozen,DE,8801043061674
Instant & Frozen,DE,8801043069588
Instant & Frozen,DE,8801043157711
Instant & Frozen,DE,8801043157728
Instant & Frozen,DE,8801043157735
Instant & Frozen,DE,8801045999913
Instant & Frozen,DE,8801073110502
Instant & Frozen,DE,8801073113312
Instant & Frozen,DE,8801073113428
Instant & Frozen,DE,8801073114548
Instant & Frozen,DE,8805957017345
Instant & Frozen,DE,8850987101076
Instant & Frozen,DE,8850987101083
Instant & Frozen,DE,8850987128561
Instant & Frozen,DE,8850987201080
Instant & Frozen,DE,8851876201754
Instant & Frozen,DE,8852018101154
Instant & Frozen,DE,8852018141020
Instant & Frozen,DE,8852018511052
Instant & Frozen,DE,8852018511069
Instant & Frozen,DE,8852523206030
Instant & Frozen,DE,8852523206061
Instant & Frozen,DE,8852523206092
Instant & Frozen,DE,8852523206153
Instant & Frozen,DE,8852523206184
Instant & Frozen,DE,8856848001370
Instant & Frozen,DE,8934563138165
Instant & Frozen,DE,8934563207144
Instant & Frozen,DE,8934563712044
Instant & Frozen,DE,8934663900372
Instant & Frozen,DE,8934684011507
Instant & Frozen,DE,8934684011521
Instant & Frozen,DE,8994963002671
Instant & Frozen,DE,8994963002794
Instant & Frozen,DE,8994963002909
Instant & Frozen,DE,8994963003173
Snacks,DE,0687456213576
Snacks,DE,0722252387530
Snacks,DE,20005627
Snacks,DE,20005702
Snacks,DE,20045852
Snacks,DE,20399412
Snacks,DE,20558123
Snacks,DE,3800205872924
Snacks,DE,3800205872948
Snacks,DE,4000381003030
Snacks,DE,4000521030216
Snacks,DE,4000522105210
Snacks,DE,4001518006450
Snacks,DE,4001518104064
Snacks,DE,4001518110881
Snacks,DE,4003160110301
Snacks,DE,4003586102690
Snacks,DE,4003586103994
Snacks,DE,4003586107251
Snacks,DE,4008258051030
Snacks,DE,4008404001001
Snacks,DE,4008577006827
Snacks,DE,4011800521219
Snacks,DE,4011800522223
Snacks,DE,4011800523213
Snacks,DE,4011800523220
Snacks,DE,4011800523312
Snacks,DE,4011800523817
Snacks,DE,4011800523916
Snacks,DE,4011800523923
Snacks,DE,4011800524210
Snacks,DE,4011800524227
Snacks,DE,4011800525316
Snacks,DE,4011800549213
Snacks,DE,4011800549411
Snacks,DE,4011800562212
Snacks,DE,4011800571221
Snacks,DE,4011800571726
Snacks,DE,4011800572211
Snacks,DE,4011800575212
Snacks,DE,4011800593810
Snacks,DE,4011800599614
Snacks,DE,4011800599621
Snacks,DE,4017100450518
Snacks,DE,4017100706004
Snacks,DE,4018077620003
Snacks,DE,4018077683015
Snacks,DE,4018077686719
Snacks,DE,4018077690105
Snacks,DE,4018077768491
Snacks,DE,4018077779930
Snacks,DE,4018077895036
Snacks,DE,40193762
Snacks,DE,4021700800000
Snacks,DE,4021700800109
Snacks,DE,4047247108225
Snacks,DE,4056489025047
Snacks,DE,4056489182528
Snacks,DE,4056489204060
Snacks,DE,4056489204077
Snacks,DE,4056489379270
Snacks,DE,4056489680574
Snacks,DE,4056489703990
Snacks,DE,4056489884927
Snacks,DE,4058172969362
Snacks,DE,4058172969386
Snacks,DE,4061289001535
Snacks,DE,4061458026215
Snacks,DE,4061458026406
Snacks,DE,4061458026642
Snacks,DE,4061458058261
Snacks,DE,4061458058889
Snacks,DE,4061458058971
Snacks,DE,4061458219099
Snacks,DE,4061459143621
Snacks,DE,4061459622348
Snacks,DE,4061459622409
Snacks,DE,4061459756999
Snacks,DE,4061459757019
Snacks,DE,4061461982614
Snacks,DE,4061462220104
Snacks,DE,4061462883811
Snacks,DE,4061462883859
Snacks,DE,4061463697288
Snacks,DE,4061464216709
Snacks,DE,4061464216877
Snacks,DE,4061464216914
Snacks,DE,4061464783270
Snacks,DE,4063367189753
Snacks,DE,4064888000701
Snacks,DE,4066447083972
Snacks,DE,4066447084894
Snacks,DE,4066447124132
Snacks,DE,4066447319613
Snacks,DE,4066447319637
Snacks,DE,4066447369595
Snacks,DE,4066447584059
Snacks,DE,4066447584073
Snacks,DE,4066447599466
Snacks,DE,4066447704181
Snacks,DE,4066447712865
Snacks,DE,4067796094138
Snacks,DE,4067796140309
Snacks,DE,4068134049605
Snacks,DE,4104420053069
Snacks,DE,4104420206656
Snacks,DE,4104420209466
Snacks,DE,4104420222878
Snacks,DE,4104420231658
Snacks,DE,4250519646510
Snacks,DE,4255582800487
Snacks,DE,4255582813234
Snacks,DE,4260133233409
Snacks,DE,4260335835791
Snacks,DE,4260350920885
Snacks,DE,4260446585431
Snacks,DE,4260556631943
Snacks,DE,4260556631950
Snacks,DE,4260562940275
Snacks,DE,4260654789119
Snacks,DE,4260718295884
Snacks,DE,4305615883809
Snacks,DE,4305615985800
Snacks,DE,4311501004920
Snacks,DE,4311501386866
Snacks,DE,4311501697610
Snacks,DE,4311501748893
Snacks,DE,4311501761199
Snacks,DE,4335619014978
Snacks,DE,4337256173247
Snacks,DE,4337256238083
Snacks,DE,4337256305617
Snacks,DE,4337256479950
Snacks,DE,4337256544993
Snacks,DE,4337256646918
Snacks,DE,4337256723923
Snacks,DE,4337256824132
Snacks,DE,5410041001204
Snacks,DE,5410041066005
Snacks,DE,5709152018004
Snacks,DE,5712840020012
Snacks,DE,5941664009563
Snacks,DE,5941868200087
Snacks,DE,7311070346916
Snacks,DE,7613287202833
Snacks,DE,7622210641403
Snacks,DE,7622210641434
Snacks,DE,8000500423523
Snacks,DE,8410076601278
Snacks,DE,8410076801180
Snacks,DE,9000331607207
Spreads & Dips,DE,20692315
Spreads & Dips,DE,4000515902819
Spreads & Dips,DE,4000832203057
Spreads & Dips,DE,4000832771105
Spreads & Dips,DE,4000832912508
Spreads & Dips,DE,4000915100556
Spreads & Dips,DE,4000915100662
Spreads & Dips,DE,4000915600551
Spreads & Dips,DE,4000915600704
Spreads & Dips,DE,4001242002957
Spreads & Dips,DE,4001242003015
Spreads & Dips,DE,4001242003022
Spreads & Dips,DE,4001242005514
Spreads & Dips,DE,4001242108215
Spreads & Dips,DE,4001242108222
Spreads & Dips,DE,4001242108239
Spreads & Dips,DE,4002015528629
Spreads & Dips,DE,4002015532015
Spreads & Dips,DE,4002239849302
Spreads & Dips,DE,4002239849401
Spreads & Dips,DE,4002468193580
Spreads & Dips,DE,4004019010261
Spreads & Dips,DE,4004820197021
Spreads & Dips,DE,4004820800464
Spreads & Dips,DE,4005009102386
Spreads & Dips,DE,4005009102713
Spreads & Dips,DE,4006495160751
Spreads & Dips,DE,4006495162700
Spreads & Dips,DE,4006495162809
Spreads & Dips,DE,4006824994651
Spreads & Dips,DE,4007552305108
Spreads & Dips,DE,4007552309281
Spreads & Dips,DE,4007552312205
Spreads & Dips,DE,4009286154502
Spreads & Dips,DE,4010355563095
Spreads & Dips,DE,4011437042460
Spreads & Dips,DE,4013182016567
Spreads & Dips,DE,4013182022179
Spreads & Dips,DE,4013182024098
Spreads & Dips,DE,4013200387723
Spreads & Dips,DE,4013200387952
Spreads & Dips,DE,4016241040978
Spreads & Dips,DE,4016249128746
Spreads & Dips,DE,4018462192009
Spreads & Dips,DE,4021851186060
Spreads & Dips,DE,4024398700751
Spreads & Dips,DE,4024514021234
Spreads & Dips,DE,4030917045005
Spreads & Dips,DE,4030917045807
Spreads & Dips,DE,4031446980515
Spreads & Dips,DE,4033689001033
Spreads & Dips,DE,4039057416133
Spreads & Dips,DE,4039401018280
Spreads & Dips,DE,4045800505269
Spreads & Dips,DE,4045800716245
Spreads & Dips,DE,4045800719635
Spreads & Dips,DE,4045800719642
Spreads & Dips,DE,4045800719680
Spreads & Dips,DE,4045800719697
Spreads & Dips,DE,4045800767391
Spreads & Dips,DE,4047247011129
Spreads & Dips,DE,4047247095587
Spreads & Dips,DE,4047247095600
Spreads & Dips,DE,4047247230124
Spreads & Dips,DE,4047247479103
Spreads & Dips,DE,4047247622004
Spreads & Dips,DE,4047247847315
Spreads & Dips,DE,4051009026733
Spreads & Dips,DE,4051009036411
Spreads & Dips,DE,4051009036435
Spreads & Dips,DE,4056489008170
Spreads & Dips,DE,4056489242079
Spreads & Dips,DE,4056489304074
Spreads & Dips,DE,4056489345725
Spreads & Dips,DE,4056489345732
Spreads & Dips,DE,4056489366379
Spreads & Dips,DE,4056489374534
Spreads & Dips,DE,4056489456544
Spreads & Dips,DE,4056489456551
Spreads & Dips,DE,4056489456568
Spreads & Dips,DE,4056489459514
Spreads & Dips,DE,4056489459521
Spreads & Dips,DE,4056489459545
Spreads & Dips,DE,4056489460381
Spreads & Dips,DE,4056489471141
Spreads & Dips,DE,4056489471158
Spreads & Dips,DE,4056489490807
Spreads & Dips,DE,4056489550600
Spreads & Dips,DE,4056489550617
Spreads & Dips,DE,4056489665588
Spreads & Dips,DE,4056489745884
Spreads & Dips,DE,4056489751175
Spreads & Dips,DE,4056489844907
Spreads & Dips,DE,4056489963004
Spreads & Dips,DE,4056924003739
Spreads & Dips,DE,4058094300014
Spreads & Dips,DE,4058094300021
Spreads & Dips,DE,4058094300076
Spreads & Dips,DE,4058094300083
Spreads & Dips,DE,4058094300113
Spreads & Dips,DE,4058094310105
Spreads & Dips,DE,4058700645393
Spreads & Dips,DE,4059300016842
Spreads & Dips,DE,4061458023238
Spreads & Dips,DE,4061458023283
Spreads & Dips,DE,4061458024068
Spreads & Dips,DE,4061458024082
Spreads & Dips,DE,4061458069717
Spreads & Dips,DE,4061458135115
Spreads & Dips,DE,4061458141215
Spreads & Dips,DE,4061458141239
Spreads & Dips,DE,4061458173582
Spreads & Dips,DE,4061458184335
Spreads & Dips,DE,4061459184990
Spreads & Dips,DE,4061459397048
Spreads & Dips,DE,4061459397062
Spreads & Dips,DE,4061459397116
Spreads & Dips,DE,4061459397161
Spreads & Dips,DE,4061459435382
Spreads & Dips,DE,4061459672916
Spreads & Dips,DE,4061459672947
Spreads & Dips,DE,4061459672985
Spreads & Dips,DE,4061459673012
Spreads & Dips,DE,4061461497569
Spreads & Dips,DE,4061461558949
Spreads & Dips,DE,4061461559175
Spreads & Dips,DE,4061461568948
Spreads & Dips,DE,4061461805999
Spreads & Dips,DE,4061461806293
Spreads & Dips,DE,4061461825140
Spreads & Dips,DE,4061461825225
Spreads & Dips,DE,4061461825249
Spreads & Dips,DE,4061461825263
Spreads & Dips,DE,4061461937348
Spreads & Dips,DE,4061461937362
Spreads & Dips,DE,4061461937409
Spreads & Dips,DE,4061461937416
Spreads & Dips,DE,4061461937430
Spreads & Dips,DE,4061462532450
Spreads & Dips,DE,4061462642449
Spreads & Dips,DE,4061462642463
Spreads & Dips,DE,4061462642487
Spreads & Dips,DE,4061462892691
Spreads & Dips,DE,4061462892707
Spreads & Dips,DE,4061463929853
Spreads & Dips,DE,4061463929877
Spreads & Dips,DE,4063367141331
Spreads & Dips,DE,4063367146978
Spreads & Dips,DE,4063367160523
Spreads & Dips,DE,4063367160691
Spreads & Dips,DE,4063367170713
Spreads & Dips,DE,4063367405440
Spreads & Dips,DE,4066447046021
Spreads & Dips,DE,4066447120257
Spreads & Dips,DE,4066447433319
Spreads & Dips,DE,4066447910865
Spreads & Dips,DE,4067796010831
Spreads & Dips,DE,4088600003412
Spreads & Dips,DE,4099100266306
Spreads & Dips,DE,4099200029801
Spreads & Dips,DE,4099200167213
Spreads & Dips,DE,4104420224957
Spreads & Dips,DE,42255932
Spreads & Dips,DE,42436430
Spreads & Dips,DE,42457657
Spreads & Dips,DE,4260655550237
Spreads & Dips,DE,4304218434791
Spreads & Dips,DE,4337256130561
Spreads & Dips,DE,4337256656856
Spreads & Dips,DE,4337256726825
Spreads & Dips,DE,4388860117882
Spreads & Dips,DE,4400139017935
Spreads & Dips,DE,5310146002673
Spreads & Dips,DE,8714685904035
Spreads & Dips,DE,9120051670876
